table,cross_league_neighbor_share
DF,0.7524030823006037
FW,0.7715384615384615
GK,0.7601884312007011
MF,0.7713023445701621
