table,same_archetype_neighbor_share
DF,0.9651453765490944
FW,0.8932211538461539
GK,0.9497699386503068
MF,0.8789805202379564
